회사명,내용,링크
㈜인라이플,(챗봇/AI) Python 개발자 및 딥러닝 개발 응용연구 부문 경력직 모집,http://www.jobkorea.co.kr/Recruit/GI_Read/33167024?Oem_Code=C1&logpath=1
㈜판도라티비,[ 코박(Cobak) ] Back-end 개발자 채용 (Python/django),http://www.jobkorea.co.kr/Recruit/GI_Read/33134004?Oem_Code=C1&logpath=1
에셋플러스자산운용㈜,"사내 벤처 알파브릿지의 데이터 엔지니어 충원(Python, 자연어처리, 머신러닝, 딥러닝, 데이터분석, 빅데이터)",http://www.jobkorea.co.kr/Recruit/GI_Read/33118820?Oem_Code=C1&logpath=1
비아이매트릭스,데이터분석 솔루션 개발자(python) 채용,http://www.jobkorea.co.kr/Recruit/GI_Read/33066406?Oem_Code=C1&logpath=1
㈜웹타임,"파이썬, 인공지능, 빅데이터, PowerBI, 태블로 강사 모집",http://www.jobkorea.co.kr/Recruit/GI_Read/32637012?Oem_Code=C1&logpath=1
㈜비타소프트,"인공지능 (딥러닝) 개발자, Python 개발능력자 모십니다(신입과 경력).",http://www.jobkorea.co.kr/Recruit/GI_Read/32599984?Oem_Code=C1&logpath=1
㈜이안아이티컨설팅,"Python - ( 가양동, 3개월, 월650만원 )",http://www.jobkorea.co.kr/Recruit/GI_Read/33185800?Oem_Code=C1&logpath=1
㈜디지토피아,[여의도] oo전자 Python 장비로그 전처리 및 데이터 Set 생성  개발과제,http://www.jobkorea.co.kr/Recruit/GI_Read/33177743?Oem_Code=C1&logpath=1
에스알유니버스,XML/http 프로토콜/Python/ django/채용 공고 (프리랜서),http://www.jobkorea.co.kr/Recruit/GI_Read/33177176?Oem_Code=C1&logpath=1
㈜포유컴퓨터,"(주)포유컴퓨터 JAVA, Python, 로그분석 웹 프로그래머 모집",http://www.jobkorea.co.kr/Recruit/GI_Read/33173202?Oem_Code=C1&logpath=1
㈜헥사팩토리,"ROS, Python, C++ 개발 경력자 채용",http://www.jobkorea.co.kr/Recruit/GI_Read/33172009?Oem_Code=C1&logpath=1
㈜새롬정보시스템,"[경력] AI(watson) 사업부문 Python,java 개발자 채용 공고",http://www.jobkorea.co.kr/Recruit/GI_Read/33171963?Oem_Code=C1&logpath=1
㈜펀진,웹개발자(1명) / 파이썬-python3개발자(1명) / Android app.개발자(1명) 정규직 채용,http://www.jobkorea.co.kr/Recruit/GI_Read/33171443?Oem_Code=C1&logpath=1
㈜포엔,(주)포엔 기업부설연구소에서 Python 개발자를 채용합니다.,http://www.jobkorea.co.kr/Recruit/GI_Read/33169676?Oem_Code=C1&logpath=1
에듀베이션㈜,Python 개발자 구함,http://www.jobkorea.co.kr/Recruit/GI_Read/33161844?Oem_Code=C1&logpath=1
㈜스캐터엑스,삼성반도체 AI Platform 구축(JAVA/Python)프리랜서 모집,http://www.jobkorea.co.kr/Recruit/GI_Read/33159586?Oem_Code=C1&logpath=1
㈜앰진시큐러스,백엔드 개발자 모집(Python/Java/C/C++),http://www.jobkorea.co.kr/Recruit/GI_Read/33155602?Oem_Code=C1&logpath=1
㈜인브레인,파이썬(Phython) 개발자 신입 채용 - 정규직,http://www.jobkorea.co.kr/Recruit/GI_Read/33154651?Oem_Code=C1&logpath=1
㈜데이터코리아,웹 프로그래머 (Java/HTML/Python) 계약직 개발자 모집,http://www.jobkorea.co.kr/Recruit/GI_Read/33153813?Oem_Code=C1&logpath=1
우리회계법인,Data 분석(python)/전산감사/IT관리,http://www.jobkorea.co.kr/Recruit/GI_Read/33151290?Oem_Code=C1&logpath=1
㈜봄마루,python php javascript HTML 개발자 모집,http://www.jobkorea.co.kr/Recruit/GI_Read/33150205?Oem_Code=C1&logpath=1
옵트미어(Optmier),단기 사이드 프로젝트 파이썬(ML) 개발자 채용합니다.,http://www.jobkorea.co.kr/Recruit/GI_Read/33149249?Oem_Code=C1&logpath=1
이컴라인,"12.[신사동] 자바, JAVA, 파이선, 파이썬, C#, 웹개발, 국토교통부 프로젝트, 고급, 강남, python",http://www.jobkorea.co.kr/Recruit/GI_Read/33143449?Oem_Code=C1&logpath=1
주식회사 맥클로린,Django 및 Python 개발자 모십니다.,http://www.jobkorea.co.kr/Recruit/GI_Read/33137638?Oem_Code=C1&logpath=1
㈜티아로테크,"웹프로그래머(ruby, python, jsp, asp, php) 경력사원 모집 공고",http://www.jobkorea.co.kr/Recruit/GI_Read/33130421?Oem_Code=C1&logpath=1
㈜티아로테크,"응용 프로그래머(C#, python, java ) 경력사원 모집 공고",http://www.jobkorea.co.kr/Recruit/GI_Read/33130414?Oem_Code=C1&logpath=1
레보텍,강서 3.5개월 Python,http://www.jobkorea.co.kr/Recruit/GI_Read/33123192?Oem_Code=C1&logpath=1
㈜에코센스,Python (JAVA) 개발자를 찾습니다,http://www.jobkorea.co.kr/Recruit/GI_Read/33118486?Oem_Code=C1&logpath=1
에이치투아이,"[경력] 2020년 에이치투아이 프로그램 개발자 모집합니다.(C#,C++,python)",http://www.jobkorea.co.kr/Recruit/GI_Read/33105745?Oem_Code=C1&logpath=1
㈜아와소프트,"java, Spring,Python 개발/유지보수 인원을 채용합니다.",http://www.jobkorea.co.kr/Recruit/GI_Read/33105463?Oem_Code=C1&logpath=1
이지스케이㈜,인공지능 및 Python 개발자 채용,http://www.jobkorea.co.kr/Recruit/GI_Read/33105147?Oem_Code=C1&logpath=1
㈜로드텍,"응용 프로그래머 채용(Python, 머신러닝, 빅데이터)",http://www.jobkorea.co.kr/Recruit/GI_Read/33102032?Oem_Code=C1&logpath=1
하가,"인공지능, 비전처리, 기계학습, 파이썬 연구원 개발자 모집",http://www.jobkorea.co.kr/Recruit/GI_Read/33102211?Oem_Code=C1&logpath=1
㈜투블럭에이아이,파이썬 응용 SW 개발자,http://www.jobkorea.co.kr/Recruit/GI_Read/33098098?Oem_Code=C1&logpath=1
㈜엠아이티능력개발원,"[(채용예정형 훈련생 모집)국비지원]자바/파이썬,빅데이터분석전문가 과정",http://www.jobkorea.co.kr/Recruit/GI_Read/33094044?Oem_Code=C1&logpath=1
스타프리마㈜,"[한전] 에너지관리시스템 운영 유지보수 SM (Python, 네트워크, 서버)",http://www.jobkorea.co.kr/Recruit/GI_Read/33086168?Oem_Code=C1&logpath=1
㈜라라,"파이썬 프로그래머, 웹프로그래머(재택/수영)",http://www.jobkorea.co.kr/Recruit/GI_Read/33089167?Oem_Code=C1&logpath=1
주식회사 셰어킴,[대기업 합작] 시니어 Python 개발자 채용,http://www.jobkorea.co.kr/Recruit/GI_Read/33083215?Oem_Code=C1&logpath=1
쓰리소프트플러스,[신입] 개발자 모집( Python Java Php ),http://www.jobkorea.co.kr/Recruit/GI_Read/33073934?Oem_Code=C1&logpath=1
주식회사 리안,웹 프로그래머 (Java/HTML/Python) 계약직 개발자 모집,http://www.jobkorea.co.kr/Recruit/GI_Read/33074167?Oem_Code=C1&logpath=1
주식회사 올룰로,[올룰로 / 킥고잉] Data Engineer 채용(개발자 / 데이터 / SQL / Python / PHP / Javascript),http://www.jobkorea.co.kr/Recruit/GI_Read/33073898?Oem_Code=C1&logpath=1
애니로직,"JAVA,python 개발자 신입/경력채용",http://www.jobkorea.co.kr/Recruit/GI_Read/33067030?Oem_Code=C1&logpath=1
나모웹비즈㈜,[경력] Python 개발자 채용,http://www.jobkorea.co.kr/Recruit/GI_Read/33059872?Oem_Code=C1&logpath=1
㈜블루 솔루션즈,"C#, python 개발자 모집 (데이터 추출 기능 개발)",http://www.jobkorea.co.kr/Recruit/GI_Read/33058957?Oem_Code=C1&logpath=1
쿨사인㈜,"웹 개발 보충역 채용 공고 (java, python, Android APP 개발, 머신러닝 관련 개발 및 분석)",http://www.jobkorea.co.kr/Recruit/GI_Read/33052187?Oem_Code=C1&logpath=1
유비넷트,"일본 도쿄, 시스템 개발, 모바일 앱개발,JAVA, Python, 화상 인식 개발",http://www.jobkorea.co.kr/Recruit/GI_Read/33050725?Oem_Code=C1&logpath=1
엔에스원소프트㈜,유망스타트업 응용S/W 서버개발 신입/경력3년이하 Linux C JAVA Python DB 백엔드,http://www.jobkorea.co.kr/Recruit/GI_Read/33042698?Oem_Code=C1&logpath=1
웹크루트,[정규직] 개발자 모집( Python개발),http://www.jobkorea.co.kr/Recruit/GI_Read/33036006?Oem_Code=C1&logpath=1
이젠컴퓨터학원,[이젠아카데미-종로] 파이썬 저녁반/주말반 강사님을 모십니다.,http://www.jobkorea.co.kr/Recruit/GI_Read/33032853?Oem_Code=C1&logpath=1
㈜토브,"Python 크롤링 프로그램, Java 프로그래밍 (6개월계약직)",http://www.jobkorea.co.kr/Recruit/GI_Read/33030520?Oem_Code=C1&logpath=1
㈜쏘울에너지,웹 개발(python 기반) 신입사원 채용,http://www.jobkorea.co.kr/Recruit/GI_Read/33029464?Oem_Code=C1&logpath=1
㈜에스에프테크놀로지,"웹 (자바, 파이썬) 개발자 구인",http://www.jobkorea.co.kr/Recruit/GI_Read/32995710?Oem_Code=C1&logpath=1
이젠컴퓨터학원,"[이젠컴퓨터학원 구리점]  IT 전문교육 강사채용 (자바/파이썬프로그래밍, 빅데이터)",http://www.jobkorea.co.kr/Recruit/GI_Read/32993459?Oem_Code=C1&logpath=1
㈜티엔블루,"[여의도] Python,Vue.js 초급 중급 고급 자산운용 플랫폼 개발",http://www.jobkorea.co.kr/Recruit/GI_Read/32969930?Oem_Code=C1&logpath=1
코딩코리아(CodingKorea),파이썬 Python 개발자를 모집합니다.,http://www.jobkorea.co.kr/Recruit/GI_Read/32968941?Oem_Code=C1&logpath=1
㈜나르마,"IOT 관련 프로그램 가능자 모집(C, C++, Python, Linux)",http://www.jobkorea.co.kr/Recruit/GI_Read/32968180?Oem_Code=C1&logpath=1
㈜온누리아이코리아,"[데이터 분석 스타트업] UI/UX개발/고객행동분석 (Python, GA, Database)",http://www.jobkorea.co.kr/Recruit/GI_Read/32965764?Oem_Code=C1&logpath=1
딕스코리아,Python(파이썬) 개발 경력자 모심,http://www.jobkorea.co.kr/Recruit/GI_Read/32965366?Oem_Code=C1&logpath=1
㈜마크베이스,"데이터베이스 소프트웨어 신입 및 경력 개발자 모집(JAVA, C#, Python)",http://www.jobkorea.co.kr/Recruit/GI_Read/32962504?Oem_Code=C1&logpath=1
퓨처밸류21,C/C++/ Delphi  Python  개발 경력자 모집,http://www.jobkorea.co.kr/Recruit/GI_Read/32944635?Oem_Code=C1&logpath=1
리드커리어 주식회사,[슈어소프트테크] 시스템 프로그래머 경력자 채용(C/C++/C#/Java/Python),http://www.jobkorea.co.kr/Recruit/GI_Read/32940343?Oem_Code=C1&logpath=1
주원,파이썬 코딩 강사 모집합니다.,http://www.jobkorea.co.kr/Recruit/GI_Read/32937178?Oem_Code=C1&logpath=1
가온누리정보시스템,"웹 프로그래머/응용프로그래머 (자바, Python, PL-SQL) 모집",http://www.jobkorea.co.kr/Recruit/GI_Read/32931249?Oem_Code=C1&logpath=1
PENTAIN,"[동경] WebApplication개발자모집 (Java,Python경력자)",http://www.jobkorea.co.kr/Recruit/GI_Read/32925284?Oem_Code=C1&logpath=1
㈜유니즌,"빅데이터 기반의 BI, DW, Python 개발 업무 신입 채용",http://www.jobkorea.co.kr/Recruit/GI_Read/32917370?Oem_Code=C1&logpath=1
㈜예술과기술,가산 대기업 파이썬 12월부터 6개월이상 (12개월까지),http://www.jobkorea.co.kr/Recruit/GI_Read/32886563?Oem_Code=C1&logpath=1
AXIASOFT,[(주)엑시아 소프트] 파이썬 Python Django 개발자,http://www.jobkorea.co.kr/Recruit/GI_Read/32907061?Oem_Code=C1&logpath=1
하몬소프트,S/W 서버엔진개발  경력직 채용 (Python / Java외),http://www.jobkorea.co.kr/Recruit/GI_Read/32894406?Oem_Code=C1&logpath=1
㈜업보트엔터,데이터 처리 및 알고리즘 개발자 채용 (python 필수),http://www.jobkorea.co.kr/Recruit/GI_Read/32885439?Oem_Code=C1&logpath=1
퀀텀인텔리전스,Python Programmer (AI) 채용,http://www.jobkorea.co.kr/Recruit/GI_Read/32876097?Oem_Code=C1&logpath=1
지티엘파킹,Python 개발자 초빙,http://www.jobkorea.co.kr/Recruit/GI_Read/32867193?Oem_Code=C1&logpath=1
㈜에스프레소미디어,"Deep Learning 연구/개발,  Python Application Programming,  Video/Image processing",http://www.jobkorea.co.kr/Recruit/GI_Read/32862386?Oem_Code=C1&logpath=1
코리아정보보안아이티아카데미신촌,"[코리아IT아카데미신촌] 프로그래밍(C, 파이썬, 자바, 안드로이드 등) 강사 채용",http://www.jobkorea.co.kr/Recruit/GI_Read/32857443?Oem_Code=C1&logpath=1
㈜커넥트시스템,[ Smart Factory ]  Python 백엔드 개발자 모집,http://www.jobkorea.co.kr/Recruit/GI_Read/32849856?Oem_Code=C1&logpath=1
㈜웨이브릿지,성장하는 핀테크 스타트업에서 함께 하실 Python(파이썬) Back-End개발자를 모십니다,http://www.jobkorea.co.kr/Recruit/GI_Read/32813622?Oem_Code=C1&logpath=1
㈜이앤제너텍,"영상분석 및 동선추적 시스템 개발 ,개발지원(Python,Linux,MySQL)",http://www.jobkorea.co.kr/Recruit/GI_Read/32810426?Oem_Code=C1&logpath=1
디노플러스㈜,"웹개발( JAVA, JSP, node.js, 파이썬) 경력개발자 모집합니다.",http://www.jobkorea.co.kr/Recruit/GI_Read/32780288?Oem_Code=C1&logpath=1
㈜코딧,"웹크롤링 경력직 채용(NodeJS, Python, MySQL, AWS)",http://www.jobkorea.co.kr/Recruit/GI_Read/32767511?Oem_Code=C1&logpath=1
㈜유닉트,"[신입,경력] S/W 개발자 (Android,Java,Swift, Python 관련) 모십니다.",http://www.jobkorea.co.kr/Recruit/GI_Read/32747397?Oem_Code=C1&logpath=1
주식회사 다빅,Java/Python/TensorFlow/Hadoop 외 정규직 채용(경력사원),http://www.jobkorea.co.kr/Recruit/GI_Read/32729470?Oem_Code=C1&logpath=1
공간정보기술㈜,공간정보기술㈜ Python 개발자 모집합니다.,http://www.jobkorea.co.kr/Recruit/GI_Read/32711924?Oem_Code=C1&logpath=1
㈜아와소프트,"(경력) 2020년 하반기 자바, 파이썬 개발자 채용",http://www.jobkorea.co.kr/Recruit/GI_Read/32694229?Oem_Code=C1&logpath=1
㈜더블유에이아이,"[경력무관] 머신러닝&인공지능(AI)&Python 외 정규직, 인턴 채용",http://www.jobkorea.co.kr/Recruit/GI_Read/32684636?Oem_Code=C1&logpath=1
LK 테크넷㈜,RDA/파이썬 활용가능 프로그래밍 담당자 모집,http://www.jobkorea.co.kr/Recruit/GI_Read/32663823?Oem_Code=C1&logpath=1
도영아이씨티,"응용프로그램개발( 파이썬, C#, 임베디드) 및 IoT 개발자를 모십니다(신입/경력)",http://www.jobkorea.co.kr/Recruit/GI_Read/32614639?Oem_Code=C1&logpath=1
도영아이씨티,"[경력] 응용프로그램 개발자 모집합니다. (python, C++,C#)",http://www.jobkorea.co.kr/Recruit/GI_Read/32614594?Oem_Code=C1&logpath=1
엔이에스,"[경력] 2020년 NES 프로그램 개발자 모집합니다.(C#,C++,python)",http://www.jobkorea.co.kr/Recruit/GI_Read/32614548?Oem_Code=C1&logpath=1
이파로스,[경력] 2020년 경력 파이썬 개발자 모집,http://www.jobkorea.co.kr/Recruit/GI_Read/32614465?Oem_Code=C1&logpath=1
㈜단비,JAVA / Spring framework / python 등,http://www.jobkorea.co.kr/Recruit/GI_Read/32608526?Oem_Code=C1&logpath=1
㈜아임클라우드,"빅데이터,인공지능 개발자 (Java,Python등)",http://www.jobkorea.co.kr/Recruit/GI_Read/32603349?Oem_Code=C1&logpath=1
㈜YH데이타베이스,금융보안솔루션 개발자 경력직 모집(Java/python/c/c++)면접시 교통비 지급(주4.5일제시행),http://www.jobkorea.co.kr/Recruit/GI_Read/32587415?Oem_Code=C1&logpath=1
㈜보인정보기술,[서초동 연구소] 파이썬 개발자 모집,http://www.jobkorea.co.kr/Recruit/GI_Read/32569478?Oem_Code=C1&logpath=1
더조은컴퓨터아트학원,"[더조은컴퓨터아카데미 춘천점] 파이썬, 자바, 빅데이터 강사 채용",http://www.jobkorea.co.kr/Recruit/GI_Read/32562395?Oem_Code=C1&logpath=1
TIS정보기술교육센터,[재직자교육]CCNA(네트워크)/자바스크립트/Vue.js/React/프론트엔드/AI(인공지능)/파이썬/빅데이터 국비무료 IT직무교육,http://www.jobkorea.co.kr/Recruit/GI_Read/32521392?Oem_Code=C1&logpath=1
㈜와플,Python 인공지능 프로그래머,http://www.jobkorea.co.kr/Recruit/GI_Read/32512956?Oem_Code=C1&logpath=1
코리아정보보안아이티아카데미신촌,"[코리아IT아카데미신촌] 빅데이터(R, 파이썬, 데이터분석 등) 강사 채용",http://www.jobkorea.co.kr/Recruit/GI_Read/32497035?Oem_Code=C1&logpath=1
메이팜소프트,"2020년 하반기 자바, 파이썬 개발 채용 (경력 1명, 신입 1명)",http://www.jobkorea.co.kr/Recruit/GI_Read/32483810?Oem_Code=C1&logpath=1
리본소프트,[신입&경력] 리본소프트 Python 개발자 채용,http://www.jobkorea.co.kr/Recruit/GI_Read/33135452?Oem_Code=C1&logpath=1
㈜한국산업기술협회연수원,직업훈련교육 IT 프로그래밍 강사 모집 (파이썬 실무 교육),http://www.jobkorea.co.kr/Recruit/GI_Read/33099203?Oem_Code=C1&logpath=1
더조은컴퓨터아트학원,C언어&파이썬&자바(JAVA)기반 응용SW개발자 강사님 초빙합니다,http://www.jobkorea.co.kr/Recruit/GI_Read/33074688?Oem_Code=C1&logpath=1
토피아정보기술㈜,2. 기획/디자인/퍼블리셔/보험/카드/병원/증권/은행/AA/DA/ETL/Python/OLAP//MES/Vue.js/DBA/모델러/Android/IOS/C/C++/PRO-C/JAVA/C,http://www.jobkorea.co.kr/Recruit/GI_Read/33017819?Oem_Code=C1&logpath=1
토피아정보기술㈜,1. 은행/보험/증권/병원/디자인/기획/퍼블리셔/PMO/QA/AA/DA/ABAP/Nexacro/IOS/Android/Python/VC++/C++/C#.NET/Java,http://www.jobkorea.co.kr/Recruit/GI_Read/33017794?Oem_Code=C1&logpath=1
이젠 컴퓨터학원,[이젠아카데미컴퓨터아트학원] 자바파이썬프로그래밍 빅데이터 강사모집,http://www.jobkorea.co.kr/Recruit/GI_Read/32984274?Oem_Code=C1&logpath=1
㈔스마트융합기술인재개발원,"자바 웹프로그래밍, 파이썬, R,  빅 데이터, AI, 안드로이드 강사 모집",http://www.jobkorea.co.kr/Recruit/GI_Read/32944344?Oem_Code=C1&logpath=1
오아시스스토리㈜,프로그래머 모십니다 [java/jsp /c#/python],http://www.jobkorea.co.kr/Recruit/GI_Read/32857463?Oem_Code=C1&logpath=1
뱅코,[온라인 강사 모집] 파이썬 비대면 온라인 강사 모집,http://www.jobkorea.co.kr/Recruit/GI_Read/32847385?Oem_Code=C1&logpath=1
㈜플라잉캣,Python 개발자를 찾습니다.[경력 1년 이상],http://www.jobkorea.co.kr/Recruit/GI_Read/32839559?Oem_Code=C1&logpath=1
PDF solutions Korea,"반도체 Yield Management System integration엔지니어(python, perl script, linux)",http://www.jobkorea.co.kr/Recruit/GI_Read/32764386?Oem_Code=C1&logpath=1
㈜코윤,[평촌] 운영 및 유지보수 / 파이썬 개발자-분석모델개발 중급,http://www.jobkorea.co.kr/Recruit/GI_Read/32699666?Oem_Code=C1&logpath=1
에이치비네트웍크,제주 서귀포시 대정 영어교육도시 학원 코딩(스크래치/파이썬) 강사 모집,http://www.jobkorea.co.kr/Recruit/GI_Read/32625678?Oem_Code=C1&logpath=1
위지윅스튜디오,"(주)위지윅 스튜디오 개발자 채용 (신입/경력) - C++, C#, python, Unreal, Unity",http://www.jobkorea.co.kr/Recruit/GI_Read/32605119?Oem_Code=C1&logpath=1
㈜미디어로그,미디어로그 개발 신입 인턴 채용공고(정규채용 연계형),http://www.jobkorea.co.kr/Recruit/GI_Read/33147146?Oem_Code=C1&logpath=1
㈜모바일리더,모바일리더&인지소프트 공채 14기 하반기 신입사원 채용,http://www.jobkorea.co.kr/Recruit/GI_Read/33118230?Oem_Code=C1&logpath=1
엔에이치엔고도㈜,2020년 하반기 각부문 신입사원 공개 채용,http://www.jobkorea.co.kr/Recruit/GI_Read/33106676?Oem_Code=C1&logpath=1
쿠도커뮤니케이션㈜,2021년 쿠도커뮤니케이션(주) 신입사원 공개채용,http://www.jobkorea.co.kr/Recruit/GI_Read/33057691?Oem_Code=C1&logpath=1
교원그룹,2020년 교원그룹 미래혁신인재 대졸공채,http://www.jobkorea.co.kr/Recruit/GI_Read/33086054?Oem_Code=C1&logpath=1
㈜하나금융티아이,하나금융융합기술원 부문별 경력사원 모집,http://www.jobkorea.co.kr/Recruit/GI_Read/33164894?Oem_Code=C1&logpath=1
㈜멀티캠퍼스,[교육생모집 / IT무료취업교육] 2020년 청년취업아카데미 교육생 모집,http://www.jobkorea.co.kr/Recruit/GI_Read/33170339?Oem_Code=C1&logpath=1
㈜멀티캠퍼스,[교육생모집 / IT무료취업교육] 프로젝트형 IoT 서비스 개발,http://www.jobkorea.co.kr/Recruit/GI_Read/33170249?Oem_Code=C1&logpath=1
㈜인라이플,[업계1위/최강복지] 최상의 근무환경에서 자유롭게 JAVA 개발하실 인재채용,http://www.jobkorea.co.kr/Recruit/GI_Read/33167057?Oem_Code=C1&logpath=1
㈜웹젠,2020년 전 부문 수시채용,http://www.jobkorea.co.kr/Recruit/GI_Read/33163717?Oem_Code=C1&logpath=1
GS건설㈜,[2020년] Machine Learning 개발자 정규직(경력사원) 모집,http://www.jobkorea.co.kr/Recruit/GI_Read/33158936?Oem_Code=C1&logpath=1
앰코테크놀로지코리아㈜,"각 부문 신입,경력사원 모집",http://www.jobkorea.co.kr/Recruit/GI_Read/33159013?Oem_Code=C1&logpath=1
㈜에스피소프트,㈜에스피소프트 시스템 엔지니어 채용,http://www.jobkorea.co.kr/Recruit/GI_Read/33155655?Oem_Code=C1&logpath=1
다우기술,신입 경력 직원 모집,http://www.jobkorea.co.kr/Recruit/GI_Read/33155783?Oem_Code=C1&logpath=1
㈜GS리테일,데이터경영부문 데이터분석담당 경력사원 채용,http://www.jobkorea.co.kr/Recruit/GI_Read/33144482?Oem_Code=C1&logpath=1
로지스올그룹,2020년 LogisALL 경력사원 채용(정규직),http://www.jobkorea.co.kr/Recruit/GI_Read/33139269?Oem_Code=C1&logpath=1
㈜에어코드,에어코드 신입 및 경력 채용 (전문연구요원/SW개발),http://www.jobkorea.co.kr/Recruit/GI_Read/33118423?Oem_Code=C1&logpath=1
GS건설㈜,[2020년] Web/Mobile Application개발자 (계약직) 신입/경력 채용,http://www.jobkorea.co.kr/Recruit/GI_Read/33119115?Oem_Code=C1&logpath=1
㈜하나금융티아이,금융IT 경력사원 모집,http://www.jobkorea.co.kr/Recruit/GI_Read/33113423?Oem_Code=C1&logpath=1
한화테크윈,경력사원 모집,http://www.jobkorea.co.kr/Recruit/GI_Read/33109459?Oem_Code=C1&logpath=1
㈜연합인포맥스,금융공학 연구소 모집 요강 (전문연구요원 포함),http://www.jobkorea.co.kr/Recruit/GI_Read/33043782?Oem_Code=C1&logpath=1
㈜웅진씽크빅,웅진씽크빅 에듀테크연구소 AI/빅데이터 직군 정규직 채용,http://www.jobkorea.co.kr/Recruit/GI_Read/33055167?Oem_Code=C1&logpath=1
SK하이닉스시스템아이씨㈜,2020년 각 부문 신입 및 경력직원 채용,http://www.jobkorea.co.kr/Recruit/GI_Read/33175753?Oem_Code=C1&logpath=1
㈜제로투세븐,2020년 각 부문별 경력사원 채용 (경영기획/IT/고객전략/POE생산/코스메틱/패션의류),http://www.jobkorea.co.kr/Recruit/GI_Read/33120683?Oem_Code=C1&logpath=1
현대자동차㈜,연구개발본부 경력 상시채용,http://www.jobkorea.co.kr/Recruit/GI_Read/33048722?Oem_Code=C1&logpath=1
SK플래닛㈜,[SK채용] 각 부문별 경력사원 채용,http://www.jobkorea.co.kr/Recruit/GI_Read/32597207?Oem_Code=C1&logpath=1
㈜시큐아이,[삼성SDS 자회사](주)시큐아이 2020년 하반기 신입사원 채용,http://www.jobkorea.co.kr/Recruit/GI_Read/33175726?Oem_Code=C1&logpath=1
㈜아이티센,신입 IT엔지니어 공개채용,http://www.jobkorea.co.kr/Recruit/GI_Read/33054155?Oem_Code=C1&logpath=1
㈜다날,2020 하반기 다날 신입 개발자 채용,http://www.jobkorea.co.kr/Recruit/GI_Read/33032934?Oem_Code=C1&logpath=1
마인즈랩,인공지능 전문기업 마인즈랩 Data Scientist 공개 모집,http://www.jobkorea.co.kr/Recruit/GI_Read/32723360?Oem_Code=C1&logpath=1
엔아이티서비스㈜,[네이버계열사][NIT Service] NAVER 시스템 변경 조정 및 구축(베어메탈/가상화),http://www.jobkorea.co.kr/Recruit/GI_Read/32729673?Oem_Code=C1&logpath=1
엘지유플러스,2020년 국내 석/박사 산학장학생 모집,http://www.jobkorea.co.kr/Recruit/GI_Read/33177372?Oem_Code=C1&logpath=1
㈜원익아이피에스,박사급 연구원 모집,http://www.jobkorea.co.kr/Recruit/GI_Read/32860963?Oem_Code=C1&logpath=1
엔아이티서비스㈜,[네이버계열사][NIT Service] NAVER IDC 서버 운영/관리(평촌),http://www.jobkorea.co.kr/Recruit/GI_Read/32625747?Oem_Code=C1&logpath=1
글루가,글루가 부문별 경력직 채용,http://www.jobkorea.co.kr/Recruit/GI_Read/33173661?Oem_Code=C1&logpath=1
콘센트릭스서비스코리아(유),[Concentrix] 데이터분석 각 분야 경력직 채용,http://www.jobkorea.co.kr/Recruit/GI_Read/33166152?Oem_Code=C1&logpath=1
큐브플랫폼㈜,이커머스 물류 통합 플랫폼 웹개발자/기획자/디자이너 모집,http://www.jobkorea.co.kr/Recruit/GI_Read/33167314?Oem_Code=C1&logpath=1
㈜해피머니아이엔씨,2020년 각 부문별 신입/경력 채용,http://www.jobkorea.co.kr/Recruit/GI_Read/33148112?Oem_Code=C1&logpath=1
㈜소유 코퍼레이션,[펭수 라이센싱 사업] 2020년 하반기 각 부문별 신입 및 경력직 채용,http://www.jobkorea.co.kr/Recruit/GI_Read/33150229?Oem_Code=C1&logpath=1
㈜장인의공간,프로그래머 공개 채용 (신입/경력),http://www.jobkorea.co.kr/Recruit/GI_Read/33137694?Oem_Code=C1&logpath=1
효성티앤에스㈜,효성티앤에스㈜ [S/W 개발] 부문 경력사원 채용,http://www.jobkorea.co.kr/Recruit/GI_Read/33136067?Oem_Code=C1&logpath=1
이에이트㈜,2020년 하반기 신입 및 경력 공개채용(전문연구요원 포함),http://www.jobkorea.co.kr/Recruit/GI_Read/33120122?Oem_Code=C1&logpath=1
행복쇼핑 주식회사,각 부문별 경력/신입 수시 채용,http://www.jobkorea.co.kr/Recruit/GI_Read/33078027?Oem_Code=C1&logpath=1
디앤샤인,"사업기획/영업,기술영업 /설치 유지보수 직원 채용[신입/경력]",http://www.jobkorea.co.kr/Recruit/GI_Read/33102398?Oem_Code=C1&logpath=1
한국정보기술연구원,2021 IT취업 역량 강화과정 교육생 모집,http://www.jobkorea.co.kr/Recruit/GI_Read/33096632?Oem_Code=C1&logpath=1
㈜아이아라,[신입/정규직/병특] 증강현실(AR) 분야 인재채용,http://www.jobkorea.co.kr/Recruit/GI_Read/33099295?Oem_Code=C1&logpath=1
㈜하미글로벌,2020년 하반기 신입 및 경력 채용,http://www.jobkorea.co.kr/Recruit/GI_Read/33069363?Oem_Code=C1&logpath=1
한화이글스,데이터분석 담당 채용,http://www.jobkorea.co.kr/Recruit/GI_Read/33059042?Oem_Code=C1&logpath=1
포항공대가속기연구소,포항가속기연구소 전임소원 채용,http://www.jobkorea.co.kr/Recruit/GI_Read/33015015?Oem_Code=C1&logpath=1
주식회사 앱코,[2020년 12월 코스닥 상장] 국내/해외 각 부문별 공채,http://www.jobkorea.co.kr/Recruit/GI_Read/32992298?Oem_Code=C1&logpath=1
유한책임회사 앤서스랩코리아,2020 하반기 각부문별 직원 채용,http://www.jobkorea.co.kr/Recruit/GI_Read/32953609?Oem_Code=C1&logpath=1
엔쓰리엔㈜,2020년 각 분야별 신입 및 경력사원 모집 (병역특례 포함),http://www.jobkorea.co.kr/Recruit/GI_Read/32740768?Oem_Code=C1&logpath=1
한국소프트웨어인재개발원,"[국비지원 IT취업과정]JAVA자바 웹앱개발외/취업연계/훈련수당지급/기초부터 기업현업실무까지(초보자,비전공자 가능)",http://www.jobkorea.co.kr/Recruit/GI_Read/32724757?Oem_Code=C1&logpath=1
㈜시스윈일렉트로닉스,"면접평가에 의한 최고 연봉제 시행 [소프트웨어, 펌웨어, 비전/알고리즘, 기구설계, 반도체 장비 전장 설계, 하드웨어]",http://www.jobkorea.co.kr/Recruit/GI_Read/33128570?Oem_Code=C1&logpath=1
미코바이오메드,각 부문별 신입 및 경력직 채용,http://www.jobkorea.co.kr/Recruit/GI_Read/33052794?Oem_Code=C1&logpath=1
띵스파이어,주니어/시니어 머신러닝 개발자(DL/ML 기반 데이터 분석 및 예측 기술개발),http://www.jobkorea.co.kr/Recruit/GI_Read/33187079?Oem_Code=C1&logpath=1
한국전자통신연구원,2020년 동계 연구연수생 채용 (10-1410),http://www.jobkorea.co.kr/Recruit/GI_Read/33181140?Oem_Code=C1&logpath=1
㈜메쉬코리아,[메쉬코리아(부릉)] Data Scientist 채용,http://www.jobkorea.co.kr/Recruit/GI_Read/33180893?Oem_Code=C1&logpath=1
한국전자통신연구원,2020년 동계 연구연수생 채용 (9-1230),http://www.jobkorea.co.kr/Recruit/GI_Read/33180195?Oem_Code=C1&logpath=1
한국전자통신연구원,2020년 동계 연구연수생 채용 (8-1220),http://www.jobkorea.co.kr/Recruit/GI_Read/33180162?Oem_Code=C1&logpath=1
한국전자통신연구원,2020년 동계 연구연수생 채용 (7-1210),http://www.jobkorea.co.kr/Recruit/GI_Read/33180138?Oem_Code=C1&logpath=1
한국전자통신연구원,2020년 동계 연구연수생 채용 (6-1140),http://www.jobkorea.co.kr/Recruit/GI_Read/33180049?Oem_Code=C1&logpath=1
한국전자통신연구원,2020년 동계 연구연수생 채용 (5-1140),http://www.jobkorea.co.kr/Recruit/GI_Read/33180007?Oem_Code=C1&logpath=1
한국전자통신연구원,2020년 동계 연구연수생 채용 (4-1140),http://www.jobkorea.co.kr/Recruit/GI_Read/33179969?Oem_Code=C1&logpath=1
한국전자통신연구원,2020년 동계 연구연수생 채용 (3-1130),http://www.jobkorea.co.kr/Recruit/GI_Read/33179943?Oem_Code=C1&logpath=1
한국전자통신연구원,2020년 동계 연구연수생 채용 (2-1110),http://www.jobkorea.co.kr/Recruit/GI_Read/33179914?Oem_Code=C1&logpath=1
한국전자통신연구원,2020년 동계 연구연수생 채용 (1-1110),http://www.jobkorea.co.kr/Recruit/GI_Read/33179884?Oem_Code=C1&logpath=1
베스핀글로벌㈜,Full-Stack Developer 채용(경력 4년-6년),http://www.jobkorea.co.kr/Recruit/GI_Read/33179295?Oem_Code=C1&logpath=1
㈜글로벌터치코리아,"[일본대기업/Accenture(주)] IT컨설턴트 엔지니어(시스템개발,인프라) 채용",http://www.jobkorea.co.kr/Recruit/GI_Read/33177199?Oem_Code=C1&logpath=1
(주)빅히트엔터테인먼트,데이터분석 (Data Scientist),http://www.jobkorea.co.kr/Recruit/GI_Read/33177457?Oem_Code=C1&logpath=1
㈜인라이플,[업계1위/최강복지] 빅데이터 기획/분석 직무 대규모 채용,http://www.jobkorea.co.kr/Recruit/GI_Read/33177026?Oem_Code=C1&logpath=1
LG화학,2020년 11월 전지사업본부 경력사원 모집[Core engine SW 통합],http://www.jobkorea.co.kr/Recruit/GI_Read/33177022?Oem_Code=C1&logpath=1
LG화학,2020년 11월 전지사업본부 경력사원 모집[사업지원],http://www.jobkorea.co.kr/Recruit/GI_Read/33177015?Oem_Code=C1&logpath=1
LG화학,2020년 11월 전지사업본부 경력사원 모집[사업개발],http://www.jobkorea.co.kr/Recruit/GI_Read/33176995?Oem_Code=C1&logpath=1
LG화학,2020년 11월 전지사업본부 경력사원 모집[Technical PM],http://www.jobkorea.co.kr/Recruit/GI_Read/33176988?Oem_Code=C1&logpath=1
LG화학,2020년 11월 전지사업본부 경력사원 모집[모델링 검증 자동화],http://www.jobkorea.co.kr/Recruit/GI_Read/33176977?Oem_Code=C1&logpath=1
LG화학,2020년 11월 전지사업본부 경력사원 모집[Software 검증],http://www.jobkorea.co.kr/Recruit/GI_Read/33176972?Oem_Code=C1&logpath=1
LG화학,2020년 11월 전지사업본부 경력사원 모집[AL/ML],http://www.jobkorea.co.kr/Recruit/GI_Read/33176963?Oem_Code=C1&logpath=1
LG화학,2020년 11월 전지사업본부 경력사원 모집[Big Data],http://www.jobkorea.co.kr/Recruit/GI_Read/33176953?Oem_Code=C1&logpath=1
LG화학,2020년 11월 전지사업본부 경력사원 모집[투자계약],http://www.jobkorea.co.kr/Recruit/GI_Read/33176947?Oem_Code=C1&logpath=1
LG화학,2020년 11월 전지사업본부 경력사원 모집[기술발굴],http://www.jobkorea.co.kr/Recruit/GI_Read/33176938?Oem_Code=C1&logpath=1
LG화학,2020년 11월 전지사업본부 경력사원 모집[원통형 선행개발],http://www.jobkorea.co.kr/Recruit/GI_Read/33176927?Oem_Code=C1&logpath=1
아모레퍼시픽,20년 경력채용-그로스해킹/데이터분석,http://www.jobkorea.co.kr/Recruit/GI_Read/33173704?Oem_Code=C1&logpath=1
LG화학,2020년 11월 전지사업본부 경력사원 모집,http://www.jobkorea.co.kr/Recruit/GI_Read/33173667?Oem_Code=C1&logpath=1
메가존클라우드(주),OCI 운영 담당자(2년 이상),http://www.jobkorea.co.kr/Recruit/GI_Read/33173606?Oem_Code=C1&logpath=1
카페24㈜,[디지털워크팀] RPA(Robotic Process Automation) 개발자 모집,http://www.jobkorea.co.kr/Recruit/GI_Read/33173428?Oem_Code=C1&logpath=1
㈜위메프,[개발]E-Commerce 데이터 엔지니어/NLP개발자(정규직),http://www.jobkorea.co.kr/Recruit/GI_Read/33170564?Oem_Code=C1&logpath=1
한국전자통신연구원,2020년 동계 연구연수생 채용,http://www.jobkorea.co.kr/Recruit/GI_Read/33170529?Oem_Code=C1&logpath=1
아모레퍼시픽,20년 경력채용-검색서비스 개발,http://www.jobkorea.co.kr/Recruit/GI_Read/33169788?Oem_Code=C1&logpath=1
(주)클라우드네트웍스,2020년 하반기 공개채용[Hashicorp엔지니어],http://www.jobkorea.co.kr/Recruit/GI_Read/33169686?Oem_Code=C1&logpath=1
(주)클라우드네트웍스,2020년 하반기 공개채용[리눅스 엔지니어],http://www.jobkorea.co.kr/Recruit/GI_Read/33169675?Oem_Code=C1&logpath=1
(주)클라우드네트웍스,2020년 하반기 공개채용[SAORS 엔지니어],http://www.jobkorea.co.kr/Recruit/GI_Read/33169657?Oem_Code=C1&logpath=1
(주)클라우드네트웍스,2020년 하반기 공개채용[네트워크엔지니어],http://www.jobkorea.co.kr/Recruit/GI_Read/33169630?Oem_Code=C1&logpath=1
(주)클라우드네트웍스,2020년 하반기 공개채용[Back-end/ 서버 개발자],http://www.jobkorea.co.kr/Recruit/GI_Read/33169599?Oem_Code=C1&logpath=1
(주)클라우드네트웍스,2020년 하반기 공개채용[Front-end/UI개발자],http://www.jobkorea.co.kr/Recruit/GI_Read/33169575?Oem_Code=C1&logpath=1
(주)클라우드네트웍스,2020년 하반기 공개채용[빅데이터 엔지니어(신입)],http://www.jobkorea.co.kr/Recruit/GI_Read/33169563?Oem_Code=C1&logpath=1
(주)클라우드네트웍스,2020년 하반기 공개채용[빅데이터 엔지니어(경력)],http://www.jobkorea.co.kr/Recruit/GI_Read/33169547?Oem_Code=C1&logpath=1
(주)클라우드네트웍스,2020년 하반기 공개채용[영업],http://www.jobkorea.co.kr/Recruit/GI_Read/33169401?Oem_Code=C1&logpath=1
(주)클라우드네트웍스,2020년 하반기 공개채용,http://www.jobkorea.co.kr/Recruit/GI_Read/33169363?Oem_Code=C1&logpath=1
농협은행㈜,고객행복센터 전문계약직 채용,http://www.jobkorea.co.kr/Recruit/GI_Read/33168112?Oem_Code=C1&logpath=1
아모레퍼시픽,20년 경력채용-Machine Learning Engineer (추천엔지니어),http://www.jobkorea.co.kr/Recruit/GI_Read/33167895?Oem_Code=C1&logpath=1
신한저축은행,채용연계형 인턴(신입) 채용 (ICT 직무),http://www.jobkorea.co.kr/Recruit/GI_Read/33167373?Oem_Code=C1&logpath=1
신한저축은행,채용연계형 인턴(신입) 채용 (일반 직무),http://www.jobkorea.co.kr/Recruit/GI_Read/33167357?Oem_Code=C1&logpath=1
㈜인라이플,[업계1위/최강복지] JAVA 프론트엔드/백엔드 개발자 경력직 채용,http://www.jobkorea.co.kr/Recruit/GI_Read/33167078?Oem_Code=C1&logpath=1
신한저축은행,채용연계형 인턴(신입) 채용,http://www.jobkorea.co.kr/Recruit/GI_Read/33167089?Oem_Code=C1&logpath=1
엔에이치엔고도㈜,NHN godo: 솔루션 개발자 채용,http://www.jobkorea.co.kr/Recruit/GI_Read/33166706?Oem_Code=C1&logpath=1
주식회사 휴머스온,빅데이터 개발자 모집,http://www.jobkorea.co.kr/Recruit/GI_Read/33162447?Oem_Code=C1&logpath=1
㈜더에스엠씨그룹,[개발직군] 개발팀 개발자·퍼블리셔/프론트엔드 경력 채용,http://www.jobkorea.co.kr/Recruit/GI_Read/33155709?Oem_Code=C1&logpath=1
㈜제노레이,"연구소 우수인재 모집(영상처리, Ai Research)",http://www.jobkorea.co.kr/Recruit/GI_Read/33161473?Oem_Code=C1&logpath=1
줌인터넷㈜,[수시] 데이터 기반 서비스 개발 및 운영(경력),http://www.jobkorea.co.kr/Recruit/GI_Read/33159739?Oem_Code=C1&logpath=1
㈜도도커뮤니케이션,강동구 플랫폼 웹개발자 경력집 모집 (연령 무관),http://www.jobkorea.co.kr/Recruit/GI_Read/33158241?Oem_Code=C1&logpath=1
㈜롯데자이언츠,R&D팀 경력직 채용,http://www.jobkorea.co.kr/Recruit/GI_Read/33157774?Oem_Code=C1&logpath=1
주식회사 여기어때컴퍼니,[여기어때] 데이터 엔지니어 (DBA/DW구축) 채용,http://www.jobkorea.co.kr/Recruit/GI_Read/33156615?Oem_Code=C1&logpath=1
케이씨텍,"(주)케이씨텍 반도체 장비 기술직무(제어,설계,S/W개발) 경력직 수시모집",http://www.jobkorea.co.kr/Recruit/GI_Read/33154582?Oem_Code=C1&logpath=1
카카오페이,[기술플랫폼실] 데이터 사이언티스트(Data Scientist) 분석가 영입,http://www.jobkorea.co.kr/Recruit/GI_Read/33154150?Oem_Code=C1&logpath=1
카카오페이,[기술플랫폼실] 데이터 엔지니어 영입,http://www.jobkorea.co.kr/Recruit/GI_Read/33154085?Oem_Code=C1&logpath=1
㈜코난테크놀로지,2020년 ㈜코난테크놀로지 하반기 채용,http://www.jobkorea.co.kr/Recruit/GI_Read/33153427?Oem_Code=C1&logpath=1
㈜NAVER,[Vision] Computer Vision Engineer[System Engineer(체험형 인턴)],http://www.jobkorea.co.kr/Recruit/GI_Read/33153314?Oem_Code=C1&logpath=1
㈜NAVER,[Vision] Computer Vision Engineer[Research Engineer(체험형 인턴)],http://www.jobkorea.co.kr/Recruit/GI_Read/33153304?Oem_Code=C1&logpath=1
㈜NAVER,[Vision] Computer Vision Engineer (체험형 인턴),http://www.jobkorea.co.kr/Recruit/GI_Read/33153285?Oem_Code=C1&logpath=1
㈜아이엠비디엑스,아이엠비디엑스 각 부문 채용,http://www.jobkorea.co.kr/Recruit/GI_Read/33152303?Oem_Code=C1&logpath=1
현대자동차㈜,ICT본부 신입/경력 상시채용,http://www.jobkorea.co.kr/Recruit/GI_Read/33149842?Oem_Code=C1&logpath=1
엘에스글로벌인코퍼레이티드,데이터 엔지니어 인턴 모집,http://www.jobkorea.co.kr/Recruit/GI_Read/33147940?Oem_Code=C1&logpath=1
㈜다나와,보안관리/데브옵스개발/DB관리 담당자 모집,http://www.jobkorea.co.kr/Recruit/GI_Read/33145400?Oem_Code=C1&logpath=1
㈜인라이플,"[업계1위/최강복지] 딥러닝, 머신러닝, 빅데이터 부문 인재채용",http://www.jobkorea.co.kr/Recruit/GI_Read/33145050?Oem_Code=C1&logpath=1
㈜인라이플,[업계1위/최강복지/인기직무] PHP 웹 개발 경력직 인재채용,http://www.jobkorea.co.kr/Recruit/GI_Read/33145035?Oem_Code=C1&logpath=1
㈜인라이플,[업계1위/최강복지] 웹 서비스 기획 및 기획PM 대규모 인재채용,http://www.jobkorea.co.kr/Recruit/GI_Read/33145028?Oem_Code=C1&logpath=1
㈜인라이플,"[업계1위/JAVA개발] 우리 재밌는거 개발하기로했는데, 같이 개발할 사람 모집",http://www.jobkorea.co.kr/Recruit/GI_Read/33145004?Oem_Code=C1&logpath=1
펜타시큐리티시스템㈜,"[펜타시큐리티] 보안S/W 개발자 모집 (인증, 블록체인, 클라우드)",http://www.jobkorea.co.kr/Recruit/GI_Read/33143847?Oem_Code=C1&logpath=1
㈜엔씨소프트,"[엔씨소프트] 플랫폼 서비스 엔지니어 (DevOps, SRE) 모집",http://www.jobkorea.co.kr/Recruit/GI_Read/33143109?Oem_Code=C1&logpath=1
마인즈랩,AI 전문기업 마인즈랩 AI Consultant 공개 모집,http://www.jobkorea.co.kr/Recruit/GI_Read/33140830?Oem_Code=C1&logpath=1
더치트주식회사,웹/앱 개발자(CTO),http://www.jobkorea.co.kr/Recruit/GI_Read/33139174?Oem_Code=C1&logpath=1
㈜판도라티비,[ 코박(Cobak) ] Back-end 개발자 채용 (JAVA/Spring),http://www.jobkorea.co.kr/Recruit/GI_Read/33134015?Oem_Code=C1&logpath=1
㈜판도라티비,[ 코박(Cobak) ] Android 개발자 채용,http://www.jobkorea.co.kr/Recruit/GI_Read/33133801?Oem_Code=C1&logpath=1
베스파,[베스파] Data Analyst 모집,http://www.jobkorea.co.kr/Recruit/GI_Read/33132635?Oem_Code=C1&logpath=1
㈜안랩,[인턴] 2021 상반기 장기현장실습 인턴 모집,http://www.jobkorea.co.kr/Recruit/GI_Read/33131743?Oem_Code=C1&logpath=1
㈜티맥스소프트,[티맥스그룹] R&D 개발 연구원 리더급 경력 모집,http://www.jobkorea.co.kr/Recruit/GI_Read/33129941?Oem_Code=C1&logpath=1
한국선불카드㈜,기업부설 연구소 (서비스개발) 직원모집,http://www.jobkorea.co.kr/Recruit/GI_Read/33128695?Oem_Code=C1&logpath=1
포티투마루,인공지능(AI)기반 프론트엔드 개발 직군 채용(경력),http://www.jobkorea.co.kr/Recruit/GI_Read/33121266?Oem_Code=C1&logpath=1
㈜파트론,카메라모듈 S/W개발 담당자 채용,http://www.jobkorea.co.kr/Recruit/GI_Read/33120477?Oem_Code=C1&logpath=1
㈜투비소프트,㈜투비소프트 - QA그룹 신입/경력사원 채용,http://www.jobkorea.co.kr/Recruit/GI_Read/33117513?Oem_Code=C1&logpath=1
케이웨더㈜,[경력] 웹 개발자 채용(팀원),http://www.jobkorea.co.kr/Recruit/GI_Read/33117111?Oem_Code=C1&logpath=1
㈜해줌,백엔드 개발자 채용,http://www.jobkorea.co.kr/Recruit/GI_Read/33114828?Oem_Code=C1&logpath=1
㈜시큐레이어,2020년 하반기 공개채용(웹개발파트) 초급개발자 모집,http://www.jobkorea.co.kr/Recruit/GI_Read/33107212?Oem_Code=C1&logpath=1
제이슨그룹,DBA/데이터 엔지니어 경력사원 채용,http://www.jobkorea.co.kr/Recruit/GI_Read/33103787?Oem_Code=C1&logpath=1
카페24㈜,[데이터파이프라인팀] 대용량 데이터 플랫폼 개발자 모집,http://www.jobkorea.co.kr/Recruit/GI_Read/33101879?Oem_Code=C1&logpath=1
㈜글로벌터치코리아,[일본대기업] 액센츄어(주)/TDK(주) - IT경력직인재채용,http://www.jobkorea.co.kr/Recruit/GI_Read/33099088?Oem_Code=C1&logpath=1
이트너스㈜,이트너스 기업부설연구소 경영지원플랫폼 개발자(Web) 채용,http://www.jobkorea.co.kr/Recruit/GI_Read/33095790?Oem_Code=C1&logpath=1
㈜코이스,연구개발부문 개발자 채용,http://www.jobkorea.co.kr/Recruit/GI_Read/33094062?Oem_Code=C1&logpath=1
㈜시큐레이어,2020년 기술연구소 채용 [인공지능(AI)개발자],http://www.jobkorea.co.kr/Recruit/GI_Read/33093992?Oem_Code=C1&logpath=1
아모레퍼시픽,20년 경력채용-Machine Learning Engineer (자연어처리),http://www.jobkorea.co.kr/Recruit/GI_Read/33092883?Oem_Code=C1&logpath=1
마인즈랩,AI전문기업 (주)마인즈랩 Software Developer 채용,http://www.jobkorea.co.kr/Recruit/GI_Read/33092641?Oem_Code=C1&logpath=1
엘에스글로벌인코퍼레이티드,시스템 개발 운영 경력직 채용,http://www.jobkorea.co.kr/Recruit/GI_Read/33092321?Oem_Code=C1&logpath=1
엘에스글로벌인코퍼레이티드,IT사업 경력직 채용[SCM 운영],http://www.jobkorea.co.kr/Recruit/GI_Read/33092278?Oem_Code=C1&logpath=1
엘에스글로벌인코퍼레이티드,IT사업 경력직 채용[사업계획 관리 시스템],http://www.jobkorea.co.kr/Recruit/GI_Read/33092271?Oem_Code=C1&logpath=1
엘에스글로벌인코퍼레이티드,IT사업 경력직 채용,http://www.jobkorea.co.kr/Recruit/GI_Read/33092252?Oem_Code=C1&logpath=1
한국IBM테크니컬솔루션,각 부문 경력직 채용,http://www.jobkorea.co.kr/Recruit/GI_Read/33087886?Oem_Code=C1&logpath=1
㈜코닉글로리,"CERT 경력사원 채용모집(취약점분석,악성코드분석 등)",http://www.jobkorea.co.kr/Recruit/GI_Read/33087388?Oem_Code=C1&logpath=1
㈜투비소프트,㈜투비소프트 - 각 부문별  신입/경력사원 채용,http://www.jobkorea.co.kr/Recruit/GI_Read/33087041?Oem_Code=C1&logpath=1
㈜핀업,C#서버 응용프로그램 개발자 모집,http://www.jobkorea.co.kr/Recruit/GI_Read/33080221?Oem_Code=C1&logpath=1
㈜엔씨소프트,[엔씨소프트] [정보보안] 보안기반 분석 개발 담당 모집,http://www.jobkorea.co.kr/Recruit/GI_Read/33076606?Oem_Code=C1&logpath=1
㈜NE능률,[워라밸실천기업] 웹프로그래머 경력 채용,http://www.jobkorea.co.kr/Recruit/GI_Read/33075024?Oem_Code=C1&logpath=1
카카오페이,[카카오페이] 데이터 엔지니어 영입,http://www.jobkorea.co.kr/Recruit/GI_Read/33075989?Oem_Code=C1&logpath=1
KBS미디어㈜,"IT분야(앱개발, 웹디자인) 경력 사원 모집",http://www.jobkorea.co.kr/Recruit/GI_Read/33069344?Oem_Code=C1&logpath=1
카카오뱅크,[빅데이터플랫폼] 데이터 플랫폼 운영자,http://www.jobkorea.co.kr/Recruit/GI_Read/33074011?Oem_Code=C1&logpath=1
이투스교육㈜,[이투스교육(주)] 개발자 신입/경력 11월 공개채용,http://www.jobkorea.co.kr/Recruit/GI_Read/33073437?Oem_Code=C1&logpath=1
㈜슈프리마에이치큐,[슈프리마] 인공 지능 소프트웨어(SW) 개발,http://www.jobkorea.co.kr/Recruit/GI_Read/33073626?Oem_Code=C1&logpath=1
카카오뱅크,[빅데이터분석] 데이터 사업 기획 및 운영 담당자,http://www.jobkorea.co.kr/Recruit/GI_Read/33072533?Oem_Code=C1&logpath=1
카카오뱅크,[기술기획] DevOps 플랫폼 개발자,http://www.jobkorea.co.kr/Recruit/GI_Read/33072440?Oem_Code=C1&logpath=1
㈜비타소프트,"자존감 넘치는 JAVA, JSP 신입 및 경력 개발자 모십니다.",http://www.jobkorea.co.kr/Recruit/GI_Read/33069788?Oem_Code=C1&logpath=1
㈜마크로젠,(주) 마크로젠 IT&BT부문 신입/경력 직원 채용,http://www.jobkorea.co.kr/Recruit/GI_Read/33068270?Oem_Code=C1&logpath=1
엔에이치엔고도㈜,NHN godo : DevOps 개발자 채용,http://www.jobkorea.co.kr/Recruit/GI_Read/33065377?Oem_Code=C1&logpath=1
㈜중고나라,[중고나라] 서버개발/프론트엔드개발/앱개발/검색엔진개발/DBA 부문 채용,http://www.jobkorea.co.kr/Recruit/GI_Read/33053497?Oem_Code=C1&logpath=1
㈜중고나라,[중고나라] 사업전략/사업기획/서비스기획/디자인/마케팅 부문 채용,http://www.jobkorea.co.kr/Recruit/GI_Read/33053505?Oem_Code=C1&logpath=1
SK하이닉스,CIS ISP 경력사원 모집,http://www.jobkorea.co.kr/Recruit/GI_Read/33058685?Oem_Code=C1&logpath=1
한국모바일인증㈜,IT개발 및 운영 정규직 채용 [신입/경력],http://www.jobkorea.co.kr/Recruit/GI_Read/33057838?Oem_Code=C1&logpath=1
만도,2020년 ADAS 연구개발부문 신입사원 채용 (DCU ASW 개발),http://www.jobkorea.co.kr/Recruit/GI_Read/33057312?Oem_Code=C1&logpath=1
만도,2020년 ADAS 연구개발부문 신입사원 채용 (DCU System 개발),http://www.jobkorea.co.kr/Recruit/GI_Read/33057294?Oem_Code=C1&logpath=1
만도,2020년 ADAS 연구개발부문 신입사원 채용 (DCU SW Platform 개발),http://www.jobkorea.co.kr/Recruit/GI_Read/33057274?Oem_Code=C1&logpath=1
만도,2020년 ADAS 연구개발부문 신입사원 채용 (DCU HW 개발),http://www.jobkorea.co.kr/Recruit/GI_Read/33057251?Oem_Code=C1&logpath=1
만도,2020년 ADAS 연구개발부문 신입사원 채용 (ADAS 센서 개발 Platform 구축),http://www.jobkorea.co.kr/Recruit/GI_Read/33057230?Oem_Code=C1&logpath=1
만도,2020년 ADAS 연구개발부문 신입사원 채용 (ADAS 센서 Calibration 및 신호처리 S/W 개발),http://www.jobkorea.co.kr/Recruit/GI_Read/33057207?Oem_Code=C1&logpath=1
만도,2020년 ADAS 연구개발부문 신입사원 채용 (Radar 물체 감지 로직 개발),http://www.jobkorea.co.kr/Recruit/GI_Read/33057190?Oem_Code=C1&logpath=1
만도,2020년 ADAS 연구개발부문 신입사원 채용 (Radar Antenna 개발),http://www.jobkorea.co.kr/Recruit/GI_Read/33057146?Oem_Code=C1&logpath=1
만도,2020년 ADAS 연구개발부문 신입사원 채용 (Radar H/W 개발),http://www.jobkorea.co.kr/Recruit/GI_Read/33057129?Oem_Code=C1&logpath=1
㈜웅진씽크빅,에듀테크연구소 학습분석(석박사) 연구원 모집,http://www.jobkorea.co.kr/Recruit/GI_Read/33055606?Oem_Code=C1&logpath=1
아데코코리아,[신입가능/의료기기 기업]백앤드 개발자 채용(정규직 전환 가능),http://www.jobkorea.co.kr/Recruit/GI_Read/33052830?Oem_Code=C1&logpath=1
만도,2020년 ADAS 연구개발부문 신입사원 채용,http://www.jobkorea.co.kr/Recruit/GI_Read/33052722?Oem_Code=C1&logpath=1
코스맥스그룹,[코스맥스유에스에이] IT(WEB 운영) 경력직 채용,http://www.jobkorea.co.kr/Recruit/GI_Read/33052010?Oem_Code=C1&logpath=1
㈜웅진씽크빅,`데이터 분석가` 정규직 채용,http://www.jobkorea.co.kr/Recruit/GI_Read/33050115?Oem_Code=C1&logpath=1
엠아이큐브솔루션㈜,연구원 경력직 수시모집,http://www.jobkorea.co.kr/Recruit/GI_Read/33050101?Oem_Code=C1&logpath=1
㈜웅진씽크빅,`빅데이터 개발자` 정규직 채용,http://www.jobkorea.co.kr/Recruit/GI_Read/33050091?Oem_Code=C1&logpath=1
웅진씽크빅,[프리랜서]서버개발 경력직 모집,http://www.jobkorea.co.kr/Recruit/GI_Read/33041560?Oem_Code=C1&logpath=1
현대통신㈜,[상장사/보라매역] 안드로이드 앱 개발자 모집 (Android App),http://www.jobkorea.co.kr/Recruit/GI_Read/33041509?Oem_Code=C1&logpath=1
두산로보틱스,계약직 통신 인터페이스 개발자 채용,http://www.jobkorea.co.kr/Recruit/GI_Read/33041222?Oem_Code=C1&logpath=1
㈜엔씨소프트,[엔씨소프트] [신규 프로젝트][Project TL] MMORPG 클라이언트 프로그래머 모집,http://www.jobkorea.co.kr/Recruit/GI_Read/33037860?Oem_Code=C1&logpath=1
카페24㈜,[개발팀] 플러스앱 백오피스 웹개발자 (카페24 스토어앱) 모집,http://www.jobkorea.co.kr/Recruit/GI_Read/33030598?Oem_Code=C1&logpath=1
마인즈랩,인공지능 전문기업 마인즈랩 산업기능요원(현역) 공개 채용,http://www.jobkorea.co.kr/Recruit/GI_Read/33029553?Oem_Code=C1&logpath=1
㈜빗썸코리아,빗썸 IT 개발자 경력직 채용,http://www.jobkorea.co.kr/Recruit/GI_Read/33025273?Oem_Code=C1&logpath=1
카카오페이,[카카오페이] BI 시스템 운영 및 개발 담당자 영입,http://www.jobkorea.co.kr/Recruit/GI_Read/33024713?Oem_Code=C1&logpath=1
(주)빅히트엔터테인먼트,백엔드개발 (스토리사업),http://www.jobkorea.co.kr/Recruit/GI_Read/33024197?Oem_Code=C1&logpath=1
㈜트라이씨클,(주)트라이씨클 경력사원 채용 (IT부문),http://www.jobkorea.co.kr/Recruit/GI_Read/33022408?Oem_Code=C1&logpath=1
현대오토에버㈜,AI/ 음성인식/ 차량보안/ 빅데이터/ IoT 등 R&D 부문 경력채용,http://www.jobkorea.co.kr/Recruit/GI_Read/33021358?Oem_Code=C1&logpath=1
인포뱅크㈜,인포뱅크 부문별 경력 채용,http://www.jobkorea.co.kr/Recruit/GI_Read/33016063?Oem_Code=C1&logpath=1
카페24㈜,[정보보호팀] 접근통제 보안 담당자 모집,http://www.jobkorea.co.kr/Recruit/GI_Read/33016098?Oem_Code=C1&logpath=1
더이앤엠㈜,플랫폼사업부 디자인편집팀 경력사원 모집,http://www.jobkorea.co.kr/Recruit/GI_Read/33014274?Oem_Code=C1&logpath=1
더이앤엠㈜,2020년 각 부문 신입/경력 채용,http://www.jobkorea.co.kr/Recruit/GI_Read/33014047?Oem_Code=C1&logpath=1
㈜블록체인컴퍼니,시스템엔지니어/연구개발 채용,http://www.jobkorea.co.kr/Recruit/GI_Read/33013722?Oem_Code=C1&logpath=1
㈜스마일게이트스토브,스마일게이트스토브 부문별 경력 채용,http://www.jobkorea.co.kr/Recruit/GI_Read/32996576?Oem_Code=C1&logpath=1
㈜애드쿠아인터렉티브,[애드쿠아인터렉티브] JAVA 웹 개발자 채용(5년 이하 경력),http://www.jobkorea.co.kr/Recruit/GI_Read/32985681?Oem_Code=C1&logpath=1
베스핀글로벌㈜,Cloud Support Engineer 채용(경력 3년이상),http://www.jobkorea.co.kr/Recruit/GI_Read/32976884?Oem_Code=C1&logpath=1
대한상공회의소 충남인력개발원,스마트팩토리 / 전기 취업교육생 모집,http://www.jobkorea.co.kr/Recruit/GI_Read/32948885?Oem_Code=C1&logpath=1
(주)마이셀럽스,웹/앱 로그 분석 (Google Analytics) 및 QA,http://www.jobkorea.co.kr/Recruit/GI_Read/32965258?Oem_Code=C1&logpath=1
㈜코리아센터,웹 솔루션 및 서비스 개발자 모집,http://www.jobkorea.co.kr/Recruit/GI_Read/32962313?Oem_Code=C1&logpath=1
㈜오케이몰,2020년 ㈜오케이몰 웹 개발 업무 담당자 모집,http://www.jobkorea.co.kr/Recruit/GI_Read/32933359?Oem_Code=C1&logpath=1
Spoqa,(주)스포카 개발자(백엔드/프론트엔드/안드로이드/iOS) 채용,http://www.jobkorea.co.kr/Recruit/GI_Read/32924798?Oem_Code=C1&logpath=1
㈜현대엠엔소프트,[신입]지도 DB 설계/개발,http://www.jobkorea.co.kr/Recruit/GI_Read/32922934?Oem_Code=C1&logpath=1
유한책임회사 딜리버리히어로코리아,IT Service Developer,http://www.jobkorea.co.kr/Recruit/GI_Read/32921443?Oem_Code=C1&logpath=1
유한책임회사 딜리버리히어로코리아,IT Service PM,http://www.jobkorea.co.kr/Recruit/GI_Read/32921273?Oem_Code=C1&logpath=1
㈜더블다운인터액티브,웹/게임 서버 개발자 모집 (경력),http://www.jobkorea.co.kr/Recruit/GI_Read/32916233?Oem_Code=C1&logpath=1
포티투마루,[포티투마루] B2B/B2G사업개발/기술영업 매니저/시니어 모집,http://www.jobkorea.co.kr/Recruit/GI_Read/32893963?Oem_Code=C1&logpath=1
카페24㈜,[개발팀] 물류 및 이커머스 솔루션 개발자 모집,http://www.jobkorea.co.kr/Recruit/GI_Read/32887434?Oem_Code=C1&logpath=1
카페24㈜,[개발팀] E-Commerce Platform 개발자 모집,http://www.jobkorea.co.kr/Recruit/GI_Read/32887326?Oem_Code=C1&logpath=1
㈜솔트룩스,인공지능(AI) 전문기업 솔트룩스 - 개발자(자연어처리),http://www.jobkorea.co.kr/Recruit/GI_Read/32834881?Oem_Code=C1&logpath=1
㈜메쉬코리아,[메쉬코리아(부릉)] Data Infra Ops 경력직 채용,http://www.jobkorea.co.kr/Recruit/GI_Read/32832944?Oem_Code=C1&logpath=1
㈜메쉬코리아,[메쉬코리아(부릉)] Senior Data Engineer 경력직 채용,http://www.jobkorea.co.kr/Recruit/GI_Read/32833402?Oem_Code=C1&logpath=1
㈜이모션,각 부분별 팀원급 및 리더급 [이글리안] 채용,http://www.jobkorea.co.kr/Recruit/GI_Read/32833381?Oem_Code=C1&logpath=1
㈜더블다운인터액티브,[더블유게임즈 자회사] 데이터 엔지니어(ETL) 채용 (경력),http://www.jobkorea.co.kr/Recruit/GI_Read/32813255?Oem_Code=C1&logpath=1
㈜크래프톤,[게임회사 (주)크래프톤][IT인프라]네트워크 엔지니어링,http://www.jobkorea.co.kr/Recruit/GI_Read/32792737?Oem_Code=C1&logpath=1
기아자동차㈜,CDO 본부 신입/경력 상시채용,http://www.jobkorea.co.kr/Recruit/GI_Read/32809740?Oem_Code=C1&logpath=1
㈜케이티,2020년 KT 경력사원 상시채용,http://www.jobkorea.co.kr/Recruit/GI_Read/32809888?Oem_Code=C1&logpath=1
포티투마루,[청년디지털일자리][포티투마루] 인공지능 B2B서비스 신입/경력 기획자 모집,http://www.jobkorea.co.kr/Recruit/GI_Read/32807089?Oem_Code=C1&logpath=1
한국직업전문학교,"빅데이터, 자바 직업훈련교사",http://www.jobkorea.co.kr/Recruit/GI_Read/32800608?Oem_Code=C1&logpath=1
슈어소프트테크㈜,딥러닝 개발자 채용 공고,http://www.jobkorea.co.kr/Recruit/GI_Read/32787816?Oem_Code=C1&logpath=1
㈜해줌,프론트엔드 개발자 채용,http://www.jobkorea.co.kr/Recruit/GI_Read/32782887?Oem_Code=C1&logpath=1
㈜인라이플,"(업계1위/청년친화강소기업) 빅데이터 기획, 분석, 머신러닝 각 분야 대규모 인재채용",http://www.jobkorea.co.kr/Recruit/GI_Read/32775532?Oem_Code=C1&logpath=1
효성ITX㈜,[효성ITX] 스마트팩토리 개발 담당 경력사원 모집,http://www.jobkorea.co.kr/Recruit/GI_Read/32759393?Oem_Code=C1&logpath=1
카카오게임즈,[카카오게임즈 자회사] 라이프엠엠오 서버 개발자 영입,http://www.jobkorea.co.kr/Recruit/GI_Read/32764944?Oem_Code=C1&logpath=1
㈜크래프톤,[게임회사 크래프톤][신규프로젝트] 웹 프론트엔드 시니어 개발자,http://www.jobkorea.co.kr/Recruit/GI_Read/32741897?Oem_Code=C1&logpath=1
아데코코리아,[유명 글로벌 반도체/성남] 인하우스 Web 개발자 채용,http://www.jobkorea.co.kr/Recruit/GI_Read/32740888?Oem_Code=C1&logpath=1
㈜엔씨소프트,[엔씨소프트] IT Engineer 모집,http://www.jobkorea.co.kr/Recruit/GI_Read/32740559?Oem_Code=C1&logpath=1
지니언스(주),지니언스(주) - 차세대네트워크보안연구개발센터 개발자 모집,http://www.jobkorea.co.kr/Recruit/GI_Read/32739634?Oem_Code=C1&logpath=1
㈜중앙일보,뉴스서비스실 디지털 직군 경력사원 상시채용,http://www.jobkorea.co.kr/Recruit/GI_Read/32733639?Oem_Code=C1&logpath=1
㈜엔씨소프트,[엔씨소프트] [단기계약직] 인공지능 기술 개발을 위한 언어 데이터 구축자 모집,http://www.jobkorea.co.kr/Recruit/GI_Read/32731401?Oem_Code=C1&logpath=1
㈜ 호디,"웹프로그램 경력자 모집(JSP, Java), UI/UX, Springboot, Vue",http://www.jobkorea.co.kr/Recruit/GI_Read/32727568?Oem_Code=C1&logpath=1
카페24㈜,[개발팀] 시스템 운영 담당자 모집,http://www.jobkorea.co.kr/Recruit/GI_Read/32705607?Oem_Code=C1&logpath=1
유한책임회사 딜리버리히어로코리아,전 개발직군 대규모 채용중,http://www.jobkorea.co.kr/Recruit/GI_Read/32704539?Oem_Code=C1&logpath=1
카페24㈜,[서비스인프라개발팀] 웹프로그래머 모집,http://www.jobkorea.co.kr/Recruit/GI_Read/32704776?Oem_Code=C1&logpath=1
㈜케이티넥스알,㈜kt NexR 2020년 각 부문별 채용,http://www.jobkorea.co.kr/Recruit/GI_Read/32703650?Oem_Code=C1&logpath=1
이너버스,IT보안 솔루션 컨설팅(기술지원) / PL 분야 (신입),http://www.jobkorea.co.kr/Recruit/GI_Read/32681052?Oem_Code=C1&logpath=1
주식회사 여기어때컴퍼니,[여기어때] 데이터인사이트팀 데이터분석가 채용(경력),http://www.jobkorea.co.kr/Recruit/GI_Read/32666568?Oem_Code=C1&logpath=1
(주)마이셀럽스,백엔드 개발자 경력자 정규직 모집,http://www.jobkorea.co.kr/Recruit/GI_Read/32646282?Oem_Code=C1&logpath=1
㈜ 메타넷엠플랫폼,[메타넷엠플랫폼] 서버담당자 채용,http://www.jobkorea.co.kr/Recruit/GI_Read/32635491?Oem_Code=C1&logpath=1
아데코코리아,[신논현/의료AI솔루션] SW 개발자 채용,http://www.jobkorea.co.kr/Recruit/GI_Read/32604721?Oem_Code=C1&logpath=1
넷마블,[넷마블] 보안개발자 모집,http://www.jobkorea.co.kr/Recruit/GI_Read/32599689?Oem_Code=C1&logpath=1
㈜이호스트아이씨티,"(주)이호스트아이씨티 ERP, CRM 개발 엔지니어 채용 공고",http://www.jobkorea.co.kr/Recruit/GI_Read/32597909?Oem_Code=C1&logpath=1
메가존㈜,[펜타클] 각 부문별 경력 채용,http://www.jobkorea.co.kr/Recruit/GI_Read/32595899?Oem_Code=C1&logpath=1
테크빌교육㈜,[테크빌교육] 에듀테크 사업 각 분야별 모집,http://www.jobkorea.co.kr/Recruit/GI_Read/32588452?Oem_Code=C1&logpath=1
아데코코리아,[강남역] 프로젝트 개발자 채용 (프론트/백엔드),http://www.jobkorea.co.kr/Recruit/GI_Read/32565355?Oem_Code=C1&logpath=1
유한책임회사 딜리버리히어로코리아,Backend Developer,http://www.jobkorea.co.kr/Recruit/GI_Read/32564460?Oem_Code=C1&logpath=1
유한책임회사 딜리버리히어로코리아,Sr. Backend Developer (Fintech),http://www.jobkorea.co.kr/Recruit/GI_Read/32564560?Oem_Code=C1&logpath=1
유한책임회사 딜리버리히어로코리아,[검색/추천] ML Engineer,http://www.jobkorea.co.kr/Recruit/GI_Read/32563195?Oem_Code=C1&logpath=1
㈜메쉬코리아,[메쉬코리아(부릉)] Lead Data Scientist 경력직 채용,http://www.jobkorea.co.kr/Recruit/GI_Read/32545013?Oem_Code=C1&logpath=1
㈜메쉬코리아,[메쉬코리아(부릉)] Senior AI Data Scientist 경력직 채용,http://www.jobkorea.co.kr/Recruit/GI_Read/32544978?Oem_Code=C1&logpath=1
㈜이투에스,㈜이투에스 S/W개발 신입/경력 모집 공고,http://www.jobkorea.co.kr/Recruit/GI_Read/32544589?Oem_Code=C1&logpath=1
㈜NAVER,[Search] 네이버/LINE 지역검색 및 추천 서비스 개발 신입/경력사원 모집,http://www.jobkorea.co.kr/Recruit/GI_Read/32541127?Oem_Code=C1&logpath=1
포티투마루,[청년디지털일자리][포티투마루] 인공지능(AI)기반 QA 개발 직군 채용,http://www.jobkorea.co.kr/Recruit/GI_Read/32529018?Oem_Code=C1&logpath=1
슈어소프트테크㈜,슈어소프트테크 시스템프로그래머 채용,http://www.jobkorea.co.kr/Recruit/GI_Read/32516029?Oem_Code=C1&logpath=1
㈜엔씨소프트,[엔씨소프트] [AI R&D] 플랫폼 개발 엔지니어 수시 모집,http://www.jobkorea.co.kr/Recruit/GI_Read/32508167?Oem_Code=C1&logpath=1
유한책임회사 딜리버리히어로코리아,Search Developer,http://www.jobkorea.co.kr/Recruit/GI_Read/32497241?Oem_Code=C1&logpath=1
㈜엔씨소프트,[엔씨소프트] [신규 프로젝트] 차세대 콘솔 테크니컬 아티스트 채용,http://www.jobkorea.co.kr/Recruit/GI_Read/32179191?Oem_Code=C1&logpath=1
㈜엔씨소프트,[엔씨소프트] [신규프로젝트] 차세대 콘솔 Maya 리거 채용,http://www.jobkorea.co.kr/Recruit/GI_Read/32169613?Oem_Code=C1&logpath=1
㈜인바디,2020 하반기 공개채용 - 생체신호처리,http://www.jobkorea.co.kr/Recruit/GI_Read/33180705?Oem_Code=C1&logpath=1
㈜인바디,2020 하반기 공개채용 - 영상처리,http://www.jobkorea.co.kr/Recruit/GI_Read/33180651?Oem_Code=C1&logpath=1
㈜인바디,2020 하반기 공개채용 - 임상데이터사이언스,http://www.jobkorea.co.kr/Recruit/GI_Read/33180621?Oem_Code=C1&logpath=1
㈜지에스아이티엠(GSITM),B2B 자바 웹 개발 경력사원 모집,http://www.jobkorea.co.kr/Recruit/GI_Read/33180408?Oem_Code=C1&logpath=1
㈜인바디,2020 하반기 공개채용,http://www.jobkorea.co.kr/Recruit/GI_Read/33180025?Oem_Code=C1&logpath=1
엘지유플러스,2020년 국내 석/박사 산학장학생 모집 (망관리기술),http://www.jobkorea.co.kr/Recruit/GI_Read/33179034?Oem_Code=C1&logpath=1
엘지유플러스,2020년 국내 석/박사 산학장학생 모집 (데이터사이언티스트),http://www.jobkorea.co.kr/Recruit/GI_Read/33178938?Oem_Code=C1&logpath=1
엘지유플러스,2020년 국내 석/박사 산학장학생 모집 (데이터엔지니어링),http://www.jobkorea.co.kr/Recruit/GI_Read/33178928?Oem_Code=C1&logpath=1
동국시스템즈㈜,[경력] RPA 개발 및 웹 시스템 연동개발,http://www.jobkorea.co.kr/Recruit/GI_Read/33178243?Oem_Code=C1&logpath=1
㈜글로벌터치코리아,TDK(주) 일본대기업 엔지니어 채용 (5개포지션),http://www.jobkorea.co.kr/Recruit/GI_Read/33177951?Oem_Code=C1&logpath=1
㈜시큐아이,개발직군 경력사원 채용 (개발 (SSL VPN iOS)),http://www.jobkorea.co.kr/Recruit/GI_Read/33178044?Oem_Code=C1&logpath=1
㈜시큐아이,개발직군 경력사원 채용,http://www.jobkorea.co.kr/Recruit/GI_Read/33177998?Oem_Code=C1&logpath=1
아모레퍼시픽,20년 경력채용-Back-end 개발,http://www.jobkorea.co.kr/Recruit/GI_Read/33173490?Oem_Code=C1&logpath=1
㈜펄어비스,[펄어비스] 시스템 엔지니어 모집,http://www.jobkorea.co.kr/Recruit/GI_Read/33157733?Oem_Code=C1&logpath=1
㈜한백전자,인공지능 파트 연구원 모집,http://www.jobkorea.co.kr/Recruit/GI_Read/33167536?Oem_Code=C1&logpath=1
신한저축은행,정규직 경력 채용 (ICT 보안),http://www.jobkorea.co.kr/Recruit/GI_Read/33167437?Oem_Code=C1&logpath=1
신한저축은행,정규직 경력 채용,http://www.jobkorea.co.kr/Recruit/GI_Read/33167312?Oem_Code=C1&logpath=1
